"to","from","combined_score","from_gene","to_gene"
"10090.ENSMUSP00000000193","10090.ENSMUSP00000000080",580,"Klf6","Ccl2"
"10090.ENSMUSP00000000299","10090.ENSMUSP00000000193",697,"Ccl2","Itgb2"
"10090.ENSMUSP00000000312","10090.ENSMUSP00000000193",529,"Ccl2","Cdh1"
"10090.ENSMUSP00000000312","10090.ENSMUSP00000000188",455,"Ccnd2","Cdh1"
"10090.ENSMUSP00000000312","10090.ENSMUSP00000000299",543,"Itgb2","Cdh1"
"10090.ENSMUSP00000000342","10090.ENSMUSP00000000193",904,"Ccl2","Ccl11"
"10090.ENSMUSP00000000369","10090.ENSMUSP00000000122",491,"Ngfr","Rem1"
"10090.ENSMUSP00000000369","10090.ENSMUSP00000000193",489,"Ccl2","Rem1"
"10090.ENSMUSP00000000369","10090.ENSMUSP00000000312",708,"Cdh1","Rem1"
"10090.ENSMUSP00000000369","10090.ENSMUSP00000000188",457,"Ccnd2","Rem1"
"10090.ENSMUSP00000000395","10090.ENSMUSP00000000312",467,"Cdh1","Tmprss2"
"10090.ENSMUSP00000000395","10090.ENSMUSP00000000193",494,"Ccl2","Tmprss2"
"10090.ENSMUSP00000000450","10090.ENSMUSP00000000193",731,"Ccl2","Pparg"
"10090.ENSMUSP00000000450","10090.ENSMUSP00000000080",404,"Klf6","Pparg"
"10090.ENSMUSP00000000450","10090.ENSMUSP00000000369",532,"Rem1","Pparg"
"10090.ENSMUSP00000000450","10090.ENSMUSP00000000312",487,"Cdh1","Pparg"
"10090.ENSMUSP00000000466","10090.ENSMUSP00000000450",752,"Pparg","Plin2"
"10090.ENSMUSP00000000505","10090.ENSMUSP00000000028",999,"Cdc45","Mcm7"
"10090.ENSMUSP00000000579","10090.ENSMUSP00000000122",482,"Ngfr","Sox9"
"10090.ENSMUSP00000000579","10090.ENSMUSP00000000312",770,"Cdh1","Sox9"
"10090.ENSMUSP00000000579","10090.ENSMUSP00000000450",615,"Pparg","Sox9"
"10090.ENSMUSP00000000590","10090.ENSMUSP00000000369",518,"Rem1","Rdx"
"10090.ENSMUSP00000000590","10090.ENSMUSP00000000312",502,"Cdh1","Rdx"
"10090.ENSMUSP00000000642","10090.ENSMUSP00000000450",528,"Pparg","Hk2"
"10090.ENSMUSP00000000642","10090.ENSMUSP00000000369",469,"Rem1","Hk2"
"10090.ENSMUSP00000000724","10090.ENSMUSP00000000080",475,"Klf6","Kat2b"
"10090.ENSMUSP00000000834","10090.ENSMUSP00000000299",425,"Itgb2","Fasl"
"10090.ENSMUSP00000000834","10090.ENSMUSP00000000193",745,"Ccl2","Fasl"
"10090.ENSMUSP00000000834","10090.ENSMUSP00000000369",508,"Rem1","Fasl"
"10090.ENSMUSP00000000834","10090.ENSMUSP00000000312",435,"Cdh1","Fasl"
"10090.ENSMUSP00000001326","10090.ENSMUSP00000000080",647,"Klf6","Sp1"
"10090.ENSMUSP00000001326","10090.ENSMUSP00000000450",819,"Pparg","Sp1"
"10090.ENSMUSP00000001326","10090.ENSMUSP00000000312",404,"Cdh1","Sp1"
"10090.ENSMUSP00000001547","10090.ENSMUSP00000000450",621,"Pparg","Col1a1"
"10090.ENSMUSP00000001547","10090.ENSMUSP00000000312",483,"Cdh1","Col1a1"
"10090.ENSMUSP00000001547","10090.ENSMUSP00000000193",643,"Ccl2","Col1a1"
"10090.ENSMUSP00000001547","10090.ENSMUSP00000000579",694,"Sox9","Col1a1"
"10090.ENSMUSP00000001592","10090.ENSMUSP00000000450",557,"Pparg","Jup"
"10090.ENSMUSP00000001592","10090.ENSMUSP00000000193",465,"Ccl2","Jup"
"10090.ENSMUSP00000001592","10090.ENSMUSP00000000312",999,"Cdh1","Jup"
"10090.ENSMUSP00000001592","10090.ENSMUSP00000000590",433,"Rdx","Jup"
"10090.ENSMUSP00000001620","10090.ENSMUSP00000001042",434,"Ilf2","Fxr1"
"10090.ENSMUSP00000001715","10090.ENSMUSP00000001713",696,"Gstt1","Gstt3"
"10090.ENSMUSP00000001780","10090.ENSMUSP00000000299",448,"Itgb2","Akt1"
"10090.ENSMUSP00000001780","10090.ENSMUSP00000000450",811,"Pparg","Akt1"
"10090.ENSMUSP00000001780","10090.ENSMUSP00000000312",855,"Cdh1","Akt1"
"10090.ENSMUSP00000001780","10090.ENSMUSP00000000395",488,"Tmprss2","Akt1"
"10090.ENSMUSP00000001780","10090.ENSMUSP00000000724",419,"Kat2b","Akt1"
"10090.ENSMUSP00000001780","10090.ENSMUSP00000000579",562,"Sox9","Akt1"
"10090.ENSMUSP00000001780","10090.ENSMUSP00000000642",833,"Hk2","Akt1"
"10090.ENSMUSP00000001780","10090.ENSMUSP00000000188",660,"Ccnd2","Akt1"
"10090.ENSMUSP00000001780","10090.ENSMUSP00000001592",512,"Jup","Akt1"
"10090.ENSMUSP00000001780","10090.ENSMUSP00000000122",709,"Ngfr","Akt1"
"10090.ENSMUSP00000001780","10090.ENSMUSP00000000369",892,"Rem1","Akt1"
"10090.ENSMUSP00000001780","10090.ENSMUSP00000000193",721,"Ccl2","Akt1"
"10090.ENSMUSP00000001780","10090.ENSMUSP00000001326",539,"Sp1","Akt1"
"10090.ENSMUSP00000001780","10090.ENSMUSP00000000466",458,"Plin2","Akt1"
"10090.ENSMUSP00000001780","10090.ENSMUSP00000000590",558,"Rdx","Akt1"
"10090.ENSMUSP00000001780","10090.ENSMUSP00000000834",688,"Fasl","Akt1"
"10090.ENSMUSP00000001780","10090.ENSMUSP00000001547",706,"Col1a1","Akt1"
"10090.ENSMUSP00000001824","10090.ENSMUSP00000001713",499,"Gstt1","Folh1"
"10090.ENSMUSP00000001963","10090.ENSMUSP00000000395",765,"Tmprss2","Ace"
"10090.ENSMUSP00000001963","10090.ENSMUSP00000000193",632,"Ccl2","Ace"
"10090.ENSMUSP00000001963","10090.ENSMUSP00000001780",644,"Akt1","Ace"
"10090.ENSMUSP00000001963","10090.ENSMUSP00000000450",726,"Pparg","Ace"
"10090.ENSMUSP00000002152","10090.ENSMUSP00000000834",410,"Fasl","Bbc3"
"10090.ENSMUSP00000002152","10090.ENSMUSP00000001780",487,"Akt1","Bbc3"
"10090.ENSMUSP00000002320","10090.ENSMUSP00000000193",457,"Ccl2","Ppard"
"10090.ENSMUSP00000002320","10090.ENSMUSP00000000466",606,"Plin2","Ppard"
"10090.ENSMUSP00000002320","10090.ENSMUSP00000001780",638,"Akt1","Ppard"
"10090.ENSMUSP00000002320","10090.ENSMUSP00000000450",854,"Pparg","Ppard"
"10090.ENSMUSP00000002360","10090.ENSMUSP00000001780",410,"Akt1","Angptl4"
"10090.ENSMUSP00000002360","10090.ENSMUSP00000000450",786,"Pparg","Angptl4"
"10090.ENSMUSP00000002360","10090.ENSMUSP00000000193",401,"Ccl2","Angptl4"
"10090.ENSMUSP00000002360","10090.ENSMUSP00000002320",648,"Ppard","Angptl4"
"10090.ENSMUSP00000002360","10090.ENSMUSP00000000466",684,"Plin2","Angptl4"
"10090.ENSMUSP00000003100","10090.ENSMUSP00000001713",741,"Gstt1","Cyp2f2"
"10090.ENSMUSP00000003100","10090.ENSMUSP00000001715",748,"Gstt3","Cyp2f2"
"10090.ENSMUSP00000019721","10090.ENSMUSP00000000466",606,"Plin2","Pdk4"
"10090.ENSMUSP00000019721","10090.ENSMUSP00000002360",767,"Angptl4","Pdk4"
"10090.ENSMUSP00000019721","10090.ENSMUSP00000000642",569,"Hk2","Pdk4"
"10090.ENSMUSP00000019721","10090.ENSMUSP00000001780",515,"Akt1","Pdk4"
"10090.ENSMUSP00000019721","10090.ENSMUSP00000002320",660,"Ppard","Pdk4"
"10090.ENSMUSP00000019721","10090.ENSMUSP00000000450",648,"Pparg","Pdk4"
"10090.ENSMUSP00000023083","10090.ENSMUSP00000001183",406,"Ftcd","Cyp2d22"
"10090.ENSMUSP00000023083","10090.ENSMUSP00000001713",514,"Gstt1","Cyp2d22"
"10090.ENSMUSP00000034215","10090.ENSMUSP00000001720",627,"Tat","Mt1"
"10090.ENSMUSP00000035804","10090.ENSMUSP00000001027",425,"Aox1","Marc1"
"10090.ENSMUSP00000060671","10090.ENSMUSP00000000450",488,"Pparg","Tead1"
"10090.ENSMUSP00000060671","10090.ENSMUSP00000000579",422,"Sox9","Tead1"
"10090.ENSMUSP00000082971","10090.ENSMUSP00000000450",998,"Pparg","Ncoa1"
"10090.ENSMUSP00000082971","10090.ENSMUSP00000001326",838,"Sp1","Ncoa1"
"10090.ENSMUSP00000082971","10090.ENSMUSP00000002320",791,"Ppard","Ncoa1"
"10090.ENSMUSP00000082971","10090.ENSMUSP00000002466",467,"Nr2f6","Ncoa1"
"10090.ENSMUSP00000082971","10090.ENSMUSP00000000724",986,"Kat2b","Ncoa1"
"10090.ENSMUSP00000092732","10090.ENSMUSP00000000193",552,"Ccl2","Ccl21a"
"10090.ENSMUSP00000092732","10090.ENSMUSP00000000342",802,"Ccl11","Ccl21a"
"10090.ENSMUSP00000103015","10090.ENSMUSP00000000299",416,"Itgb2","Anpep"
"10090.ENSMUSP00000103015","10090.ENSMUSP00000000122",482,"Ngfr","Anpep"
"10090.ENSMUSP00000103015","10090.ENSMUSP00000000395",573,"Tmprss2","Anpep"
"10090.ENSMUSP00000103015","10090.ENSMUSP00000001963",716,"Ace","Anpep"
"10090.ENSMUSP00000103015","10090.ENSMUSP00000001780",441,"Akt1","Anpep"
"10090.ENSMUSP00000103015","10090.ENSMUSP00000000312",408,"Cdh1","Anpep"
"10090.ENSMUSP00000103015","10090.ENSMUSP00000001824",623,"Folh1","Anpep"
"10090.ENSMUSP00000128943","10090.ENSMUSP00000000579",521,"Sox9","Prg4"
"10090.ENSMUSP00000128943","10090.ENSMUSP00000001547",404,"Col1a1","Prg4"
"10090.ENSMUSP00000138326","10090.ENSMUSP00000000122",424,"Ngfr","Ank3"
"10090.ENSMUSP00000138326","10090.ENSMUSP00000000590",642,"Rdx","Ank3"
"10090.ENSMUSP00000138326","10090.ENSMUSP00000000312",758,"Cdh1","Ank3"
"10090.ENSMUSP00000138326","10090.ENSMUSP00000000369",546,"Rem1","Ank3"
"10090.ENSMUSP00000138326","10090.ENSMUSP00000001780",524,"Akt1","Ank3"
"10090.ENSMUSP00000138326","10090.ENSMUSP00000001592",542,"Jup","Ank3"
"10090.ENSMUSP00000156559","10090.ENSMUSP00000000028",500,"Cdc45","Cdkn1a"
"10090.ENSMUSP00000156559","10090.ENSMUSP00000000505",429,"Mcm7","Cdkn1a"
"10090.ENSMUSP00000156559","10090.ENSMUSP00000001620",459,"Fxr1","Cdkn1a"
"10090.ENSMUSP00000156559","10090.ENSMUSP00000000834",438,"Fasl","Cdkn1a"
"10090.ENSMUSP00000156559","10090.ENSMUSP00000000369",651,"Rem1","Cdkn1a"
"10090.ENSMUSP00000156559","10090.ENSMUSP00000000579",402,"Sox9","Cdkn1a"
"10090.ENSMUSP00000156559","10090.ENSMUSP00000001326",444,"Sp1","Cdkn1a"
"10090.ENSMUSP00000156559","10090.ENSMUSP00000000312",607,"Cdh1","Cdkn1a"
"10090.ENSMUSP00000156559","10090.ENSMUSP00000001547",582,"Col1a1","Cdkn1a"
"10090.ENSMUSP00000156559","10090.ENSMUSP00000000080",411,"Klf6","Cdkn1a"
"10090.ENSMUSP00000156559","10090.ENSMUSP00000000193",457,"Ccl2","Cdkn1a"
"10090.ENSMUSP00000156559","10090.ENSMUSP00000000188",982,"Ccnd2","Cdkn1a"
"10090.ENSMUSP00000156559","10090.ENSMUSP00000001780",983,"Akt1","Cdkn1a"
"10090.ENSMUSP00000156559","10090.ENSMUSP00000002152",714,"Bbc3","Cdkn1a"
"10090.ENSMUSP00000156559","10090.ENSMUSP00000000450",475,"Pparg","Cdkn1a"
"10090.ENSMUSP00000156559","10090.ENSMUSP00000001042",410,"Ilf2","Cdkn1a"
